{
    "0": {
        "precision": 0.975,
        "recall": 0.9629629629629629,
        "f1-score": 0.968944099378882,
        "support": 81.0
    },
    "1": {
        "precision": 0.9473684210526315,
        "recall": 0.967741935483871,
        "f1-score": 0.9574468085106383,
        "support": 93.0
    },
    "2": {
        "precision": 0.9206349206349206,
        "recall": 0.9508196721311475,
        "f1-score": 0.9354838709677419,
        "support": 61.0
    },
    "3": {
        "precision": 1.0,
        "recall": 0.961038961038961,
        "f1-score": 0.9801324503311258,
        "support": 77.0
    },
    "accuracy": 0.9615384615384616,
    "macro avg": {
        "precision": 0.960750835421888,
        "recall": 0.9606408829042355,
        "f1-score": 0.9605018072970971,
        "support": 312.0
    },
    "weighted avg": {
        "precision": 0.9623044657584129,
        "recall": 0.9615384615384616,
        "f1-score": 0.9617363463003454,
        "support": 312.0
    }
}