{
    "modelo": "DenseNet121",
    "data_execucao": "20260625_215450",
    "metricas": {
        "Accuracy": 0.9615384615384616,
        "Precision": 0.9623044657584129,
        "Recall": 0.9615384615384616,
        "F1-Score": 0.9617363463003454,
        "Kappa": 0.9483500717360115,
        "AUC": 0.9983177302994798
    }
}