{
    "accuracy": [
        0.18994975090026855,
        0.274371862411499,
        0.3005025088787079,
        0.3376884460449219,
        0.402010053396225,
        0.43216079473495483,
        0.4934673309326172,
        0.5115578174591064,
        0.5517587661743164,
        0.5969849228858948,
        0.5829145908355713,
        0.63919597864151,
        0.709547758102417,
        0.7125627994537354,
        0.7386934757232666,
        0.7557789087295532,
        0.7718592882156372,
        0.7658291459083557,
        0.7698492407798767,
        0.7969849109649658,
        0.8100502490997314,
        0.8170854449272156,
        0.8442211151123047,
        0.8301507830619812,
        0.8482412099838257,
        0.8512563109397888,
        0.8582914471626282,
        0.8552764058113098,
        0.8733668327331543,
        0.8864321708679199,
        0.8773869276046753,
        0.8884422183036804,
        0.8984924554824829,
        0.8844221234321594,
        0.8844221234321594,
        0.9075376987457275,
        0.905527651309967,
        0.9185929894447327,
        0.9065326452255249,
        0.8954774141311646,
        0.9165829420089722,
        0.91758793592453,
        0.925628125667572,
        0.91758793592453,
        0.9276381731033325,
        0.9246231317520142,
        0.929648220539093,
        0.9316582679748535,
        0.9266331791877747,
        0.9276381731033325
    ],
    "loss": [
        1.9115320444107056,
        1.6608542203903198,
        1.52198326587677,
        1.4815046787261963,
        1.3697021007537842,
        1.2735081911087036,
        1.1860522031784058,
        1.1206450462341309,
        1.0646870136260986,
        0.9874608516693115,
        0.9419677257537842,
        0.8632169365882874,
        0.7871948480606079,
        0.7843207120895386,
        0.7403116822242737,
        0.6908814907073975,
        0.6587488055229187,
        0.6534764170646667,
        0.6343175172805786,
        0.5784981846809387,
        0.5702307820320129,
        0.5605918169021606,
        0.5295543074607849,
        0.5089603662490845,
        0.485469788312912,
        0.46546414494514465,
        0.4636490046977997,
        0.4556012451648712,
        0.44042789936065674,
        0.4066983163356781,
        0.406232088804245,
        0.38296517729759216,
        0.3771434426307678,
        0.38085684180259705,
        0.3669035732746124,
        0.3617687225341797,
        0.3316051661968231,
        0.33339786529541016,
        0.3447999060153961,
        0.3287222385406494,
        0.3144150972366333,
        0.31075915694236755,
        0.2942388951778412,
        0.30258709192276,
        0.2810257375240326,
        0.27361324429512024,
        0.2829784154891968,
        0.27025318145751953,
        0.2662675380706787,
        0.275849312543869
    ],
    "val_accuracy": [
        0.15662650763988495,
        0.24899598956108093,
        0.35742971301078796,
        0.4738955795764923,
        0.5582329034805298,
        0.6224899888038635,
        0.6827309131622314,
        0.7389557957649231,
        0.7751004099845886,
        0.8192771077156067,
        0.8353413939476013,
        0.8473895788192749,
        0.8634538054466248,
        0.8835341334342957,
        0.8835341334342957,
        0.8955823183059692,
        0.891566276550293,
        0.9116466045379639,
        0.9076305031776428,
        0.9236947894096375,
        0.9437751173973083,
        0.9437751173973083,
        0.9397590160369873,
        0.9477911591529846,
        0.9477911591529846,
        0.9477911591529846,
        0.9477911591529846,
        0.9477911591529846,
        0.9477911591529846,
        0.9477911591529846,
        0.9518072009086609,
        0.9477911591529846,
        0.9477911591529846,
        0.9518072009086609,
        0.9518072009086609,
        0.9518072009086609,
        0.9558233022689819,
        0.9558233022689819,
        0.9518072009086609,
        0.9518072009086609,
        0.9558233022689819,
        0.9558233022689819,
        0.9558233022689819,
        0.9558233022689819,
        0.9558233022689819,
        0.9598393440246582,
        0.9558233022689819,
        0.9558233022689819,
        0.9558233022689819,
        0.9558233022689819
    ],
    "val_loss": [
        1.5149681568145752,
        1.3907335996627808,
        1.2785613536834717,
        1.1708401441574097,
        1.0830024480819702,
        1.0025831460952759,
        0.9331896901130676,
        0.8693920373916626,
        0.809090256690979,
        0.7540563941001892,
        0.7070165276527405,
        0.6632028222084045,
        0.6259716153144836,
        0.5882804989814758,
        0.5611606240272522,
        0.5320724248886108,
        0.5063942670822144,
        0.48502108454704285,
        0.46382197737693787,
        0.44190868735313416,
        0.4254240393638611,
        0.40794724225997925,
        0.3924688696861267,
        0.3786843717098236,
        0.3661051094532013,
        0.35236281156539917,
        0.343191921710968,
        0.3315942883491516,
        0.32160472869873047,
        0.31093329191207886,
        0.3007251024246216,
        0.29510366916656494,
        0.2870836555957794,
        0.27806442975997925,
        0.2725825011730194,
        0.2667115330696106,
        0.2620556354522705,
        0.2528885006904602,
        0.24851247668266296,
        0.24595101177692413,
        0.23774804174900055,
        0.2334572672843933,
        0.22966501116752625,
        0.22274062037467957,
        0.22051668167114258,
        0.21736253798007965,
        0.21184954047203064,
        0.2088627815246582,
        0.20401552319526672,
        0.2023349553346634
    ]
}