{
    "0": {
        "precision": 0.9759036144578314,
        "recall": 1.0,
        "f1-score": 0.9878048780487805,
        "support": 81.0
    },
    "1": {
        "precision": 0.9888888888888889,
        "recall": 0.956989247311828,
        "f1-score": 0.9726775956284153,
        "support": 93.0
    },
    "2": {
        "precision": 0.9523809523809523,
        "recall": 0.9836065573770492,
        "f1-score": 0.967741935483871,
        "support": 61.0
    },
    "3": {
        "precision": 1.0,
        "recall": 0.987012987012987,
        "f1-score": 0.9934640522875817,
        "support": 77.0
    },
    "accuracy": 0.9807692307692307,
    "macro avg": {
        "precision": 0.9792933639319181,
        "recall": 0.9819021979254661,
        "f1-score": 0.9804221153621622,
        "support": 312.0
    },
    "weighted avg": {
        "precision": 0.9811221074775293,
        "recall": 0.9807692307692307,
        "f1-score": 0.9807698769424801,
        "support": 312.0
    }
}