{
    "modelo": "ResNet50",
    "data_execucao": "20260625_231531",
    "metricas": {
        "Accuracy": 0.9807692307692307,
        "Precision": 0.9811221074775293,
        "Recall": 0.9807692307692307,
        "F1-Score": 0.9807698769424801,
        "Kappa": 0.9741992392083356,
        "AUC": 0.9994287012447248
    }
}