{
    "accuracy": [
        0.28341707587242126,
        0.3738693594932556,
        0.5206030011177063,
        0.6150753498077393,
        0.6733668446540833,
        0.7276381850242615,
        0.7859296202659607,
        0.8120602965354919,
        0.8241205811500549,
        0.8623115420341492,
        0.8703517317771912,
        0.9025125503540039,
        0.9045225977897644,
        0.9105527400970459,
        0.9105527400970459,
        0.9326633214950562,
        0.921608030796051,
        0.91758793592453,
        0.933668315410614,
        0.933668315410614,
        0.9386934638023376,
        0.9467336535453796,
        0.9547738432884216,
        0.9427135586738586,
        0.9487437009811401,
        0.9487437009811401,
        0.9618090391159058,
        0.9547738432884216,
        0.9587939977645874,
        0.9577889442443848,
        0.9618090391159058,
        0.9648241400718689,
        0.9678391814231873,
        0.9668341875076294,
        0.9678391814231873,
        0.9638190865516663,
        0.9658291339874268,
        0.9658291339874268,
        0.9658291339874268,
        0.9638190865516663,
        0.9748743772506714,
        0.9678391814231873,
        0.9628140926361084,
        0.9748743772506714,
        0.9748743772506714,
        0.9728643298149109,
        0.9668341875076294,
        0.9708542823791504,
        0.9758793711662292,
        0.983919620513916
    ],
    "loss": [
        1.7641685009002686,
        1.4191750288009644,
        1.13904869556427,
        0.9659128189086914,
        0.8352194428443909,
        0.7441431283950806,
        0.624082624912262,
        0.5606135725975037,
        0.5163820385932922,
        0.4692552983760834,
        0.44369781017303467,
        0.37572410702705383,
        0.35951074957847595,
        0.3269886374473572,
        0.3179445266723633,
        0.2792447507381439,
        0.2724107503890991,
        0.27733659744262695,
        0.2480773776769638,
        0.2602229118347168,
        0.23916368186473846,
        0.21961644291877747,
        0.20507536828517914,
        0.21008557081222534,
        0.19458885490894318,
        0.18737897276878357,
        0.17334556579589844,
        0.1812220960855484,
        0.16405005753040314,
        0.15865258872509003,
        0.16072244942188263,
        0.15342117846012115,
        0.16072751581668854,
        0.14577414095401764,
        0.14082154631614685,
        0.14390277862548828,
        0.14427141845226288,
        0.12793239951133728,
        0.1359536349773407,
        0.13556645810604095,
        0.11733803153038025,
        0.12719914317131042,
        0.12670476734638214,
        0.11069774627685547,
        0.11231624335050583,
        0.11886655539274216,
        0.1215793639421463,
        0.1123565062880516,
        0.10249463468790054,
        0.0976221039891243
    ],
    "val_accuracy": [
        0.3654618561267853,
        0.5903614163398743,
        0.7349397540092468,
        0.8594377636909485,
        0.8955823183059692,
        0.9116466045379639,
        0.9196786880493164,
        0.9277108311653137,
        0.935742974281311,
        0.935742974281311,
        0.9437751173973083,
        0.9437751173973083,
        0.9477911591529846,
        0.9437751173973083,
        0.9518072009086609,
        0.9477911591529846,
        0.9518072009086609,
        0.9518072009086609,
        0.9518072009086609,
        0.9518072009086609,
        0.9518072009086609,
        0.9558233022689819,
        0.9558233022689819,
        0.9598393440246582,
        0.9638554453849792,
        0.9638554453849792,
        0.9598393440246582,
        0.9598393440246582,
        0.9638554453849792,
        0.9638554453849792,
        0.9638554453849792,
        0.9638554453849792,
        0.9638554453849792,
        0.9638554453849792,
        0.9638554453849792,
        0.9638554453849792,
        0.9638554453849792,
        0.9678714871406555,
        0.9678714871406555,
        0.9678714871406555,
        0.9638554453849792,
        0.9638554453849792,
        0.9638554453849792,
        0.9638554453849792,
        0.9638554453849792,
        0.9638554453849792,
        0.9718875288963318,
        0.9678714871406555,
        0.9718875288963318,
        0.9678714871406555
    ],
    "val_loss": [
        1.3268693685531616,
        1.0741345882415771,
        0.883273184299469,
        0.7393089532852173,
        0.6289146542549133,
        0.5457565188407898,
        0.4816408157348633,
        0.4330972731113434,
        0.3875861167907715,
        0.3525744676589966,
        0.32704436779022217,
        0.3035399317741394,
        0.28267303109169006,
        0.26678451895713806,
        0.25032907724380493,
        0.23908311128616333,
        0.2255995273590088,
        0.2142976075410843,
        0.20714451372623444,
        0.198451429605484,
        0.18879447877407074,
        0.18615461885929108,
        0.1777578443288803,
        0.1716124266386032,
        0.16689006984233856,
        0.16174817085266113,
        0.15699222683906555,
        0.15379202365875244,
        0.15035085380077362,
        0.1452205330133438,
        0.14291733503341675,
        0.13822248578071594,
        0.13545523583889008,
        0.13300560414791107,
        0.13149943947792053,
        0.12971481680870056,
        0.12593171000480652,
        0.12457629293203354,
        0.12250364571809769,
        0.12169381231069565,
        0.11736100912094116,
        0.11551478505134583,
        0.11439066380262375,
        0.1108686551451683,
        0.10991107672452927,
        0.10925854742527008,
        0.1065705418586731,
        0.10437111556529999,
        0.1064198836684227,
        0.10304828733205795
    ]
}