{
    "0": {
        "precision": 0.9878048780487805,
        "recall": 1.0,
        "f1-score": 0.9938650306748467,
        "support": 81.0
    },
    "1": {
        "precision": 0.989247311827957,
        "recall": 0.989247311827957,
        "f1-score": 0.989247311827957,
        "support": 93.0
    },
    "2": {
        "precision": 1.0,
        "recall": 0.9836065573770492,
        "f1-score": 0.9917355371900827,
        "support": 61.0
    },
    "3": {
        "precision": 1.0,
        "recall": 1.0,
        "f1-score": 1.0,
        "support": 77.0
    },
    "accuracy": 0.9935897435897436,
    "macro avg": {
        "precision": 0.9942630474691844,
        "recall": 0.9932134673012516,
        "f1-score": 0.9937119699232215,
        "support": 312.0
    },
    "weighted avg": {
        "precision": 0.9936288305190744,
        "recall": 0.9935897435897436,
        "f1-score": 0.9935863309399283,
        "support": 312.0
    }
}