{
    "0": {
        "precision": 0.5795454545454546,
        "recall": 0.6296296296296297,
        "f1-score": 0.6035502958579881,
        "support": 81.0
    },
    "1": {
        "precision": 0.47368421052631576,
        "recall": 0.5806451612903226,
        "f1-score": 0.5217391304347826,
        "support": 93.0
    },
    "2": {
        "precision": 0.3508771929824561,
        "recall": 0.32786885245901637,
        "f1-score": 0.3389830508474576,
        "support": 61.0
    },
    "3": {
        "precision": 0.5094339622641509,
        "recall": 0.35064935064935066,
        "f1-score": 0.4153846153846154,
        "support": 77.0
    },
    "accuracy": 0.48717948717948717,
    "macro avg": {
        "precision": 0.47838520507959437,
        "recall": 0.4721982485070798,
        "f1-score": 0.469914273131211,
        "support": 312.0
    },
    "weighted avg": {
        "precision": 0.4859799271262777,
        "recall": 0.48717948717948717,
        "f1-score": 0.48099966211936573,
        "support": 312.0
    }
}