{
    "modelo": "ResNet50",
    "data_execucao": "20260625_124857",
    "metricas": {
        "Accuracy": 0.48717948717948717,
        "Precision": 0.4859799271262777,
        "Recall": 0.48717948717948717,
        "F1-Score": 0.48099966211936573,
        "Kappa": 0.3072055068280227,
        "AUC": 0.7553790380202599
    }
}