{
    "accuracy": [
        0.18391959369182587,
        0.30753767490386963
    ],
    "loss": [
        1.959428071975708,
        1.586948275566101
    ],
    "val_accuracy": [
        0.2128514051437378,
        0.4819277226924896
    ],
    "val_loss": [
        1.4954496622085571,
        1.2036800384521484
    ]
}