{
    "0": {
        "precision": 0.35714285714285715,
        "recall": 0.43209876543209874,
        "f1-score": 0.39106145251396646,
        "support": 81.0
    },
    "1": {
        "precision": 0.2867647058823529,
        "recall": 0.41935483870967744,
        "f1-score": 0.3406113537117904,
        "support": 93.0
    },
    "2": {
        "precision": 0.5526315789473685,
        "recall": 0.3442622950819672,
        "f1-score": 0.42424242424242425,
        "support": 61.0
    },
    "3": {
        "precision": 0.2,
        "recall": 0.1038961038961039,
        "f1-score": 0.13675213675213677,
        "support": 77.0
    },
    "accuracy": 0.3301282051282051,
    "macro avg": {
        "precision": 0.34913478549314464,
        "recall": 0.3249030007799618,
        "f1-score": 0.3231668418050795,
        "support": 312.0
    },
    "weighted avg": {
        "precision": 0.33560325445967865,
        "recall": 0.3301282051282051,
        "f1-score": 0.31974851268439164,
        "support": 312.0
    }
}