{
    "modelo": "DenseNet121",
    "data_execucao": "20260625_123926",
    "metricas": {
        "Accuracy": 0.3301282051282051,
        "Precision": 0.33560325445967865,
        "Recall": 0.3301282051282051,
        "F1-Score": 0.31974851268439164,
        "Kappa": 0.08621076233183855,
        "AUC": 0.5731603959128719
    }
}