{
    "accuracy": [
        0.25628140568733215,
        0.27738693356513977
    ],
    "loss": [
        2.0898022651672363,
        1.6373509168624878
    ],
    "val_accuracy": [
        0.2811245024204254,
        0.37751004099845886
    ],
    "val_loss": [
        1.4934638738632202,
        1.3361971378326416
    ]
}